"","PlayerID","LastName","FirstName","Bats","Pitches","Team","Position"
"1","andrm001","Andriese","Matt","R","R","ANA","P"
"2","bardl001","Bard","Luke","R","R","ANA","P"
"3","barnj002","Barnes","Jacob","R","R","ANA","P"
"4","barrf001","Barreto","Franklin","R","R","ANA","SS"
"5","barrj003","Barria","Jaime","R","R","ANA","P"
"6","bedrc001","Bedrosian","Cam","R","R","ANA","P"
"7","bemba001","Bemboom","Anthony","L","R","ANA","C"
"8","bricj001","Briceno","Jose","R","R","ANA","C"
"9","buchr001","Buchter","Ryan","L","L","ANA","P"
"10","bundd001","Bundy","Dylan","B","R","ANA","P"
"11","buttt001","Buttrey","Ty","L","R","ANA","P"
"12","canng001","Canning","Griffin","R","R","ANA","P"
"13","castj006","Castro","Jason","L","R","ANA","C"
"14","fletd002","Fletcher","David","R","R","ANA","SS"
"15","goodb001","Goodwin","Brian","L","R","ANA","OF"
"16","heana001","Heaney","Andrew","L","L","ANA","P"
"17","hermm001","Hermosillo","Michael","R","R","ANA","OF"
"18","jonej007","Jones","Jahmai","R","R","ANA","2B"
"19","kellk003","Keller","Kyle","R","R","ANA","P"
"20","lastt001","La Stella","Tommy","L","R","ANA","2B"
"21","mayem001","Mayers","Mike","R","R","ANA","P"
"22","middk001","Middleton","Keynan","R","R","ANA","P"
"23","milnh001","Milner","Hoby","L","L","ANA","P"
"24","ohtas001","Ohtani","Shohei","L","R","ANA","P"
"25","penaf002","Pena","Felix","R","R","ANA","P"
"26","peted001","Peters","Dillon","L","L","ANA","P"
"27","pujoa001","Pujols","Albert","R","R","ANA","1B"
"28","quijj001","Quijada","Jose","L","L","ANA","P"
"29","ramin002","Ramirez","Noe","R","R","ANA","P"
"30","renda001","Rendon","Anthony","R","R","ANA","2B"
"31","rengl001","Rengifo","Luis","B","R","ANA","2B"
"32","roblh001","Robles","Hansel","R","R","ANA","P"
"33","rodrj006","Rodriguez","Jose","R","R","ANA","P"
"34","sandp002","Sandoval","Patrick","L","L","ANA","P"
"35","simma001","Simmons","Andrelton","R","R","ANA","SS"
"36","sotoe001","Soto","Elliot","R","R","ANA","SS"
"37","stasm001","Stassi","Max","R","R","ANA","C"
"38","suarj001","Suarez","Jose","L","L","ANA","P"
"39","tehej001","Teheran","Julio","R","R","ANA","P"
"40","thaim001","Thaiss","Matt","L","R","ANA","1B"
"41","troum001","Trout","Mike","R","R","ANA","OF"
"42","uptoj001","Upton","Justin","R","R","ANA","OF"
"43","walsj001","Walsh","Jared","L","L","ANA","OF"
"44","wardt002","Ward","Taylor","R","R","ANA","3B"
"45","beasj001","Beasley","Jeremy","R","R","ARI","P"
"46","bergt001","Bergen","Travis","L","L","ARI","P"
"47","bracs001","Bracho","Silvino","R","R","ARI","P"
"48","brada001","Bradley","Archie","R","R","ARI","P"
"49","bumgm001","Bumgarner","Madison","R","L","ARI","P"
"50","calhk001","Calhoun","Kole","L","L","ARI","OF"
"51","chafa001","Chafin","Andrew","R","L","ARI","P"
"52","clart003","Clarke","Taylor","R","R","ARI","P"
"53","crics001","Crichton","Stefan","R","R","ARI","P"
"54","cronk001","Cron","Kevin","R","R","ARI","1B"
"55","varsd001","Varsho","Daulton","L","R","ARI","C"
"56","escoe001","Escobar","Eduardo","B","R","ARI","SS"
"57","gallz001","Gallen","Zac","R","R","ARI","P"
"58","ginkk001","Ginkel","Kevin","L","R","ARI","P"
"59","gracm003","Grace","Matt","L","L","ARI","P"
"60","guerj003","Guerra","Junior","R","R","ARI","P"
"61","jay-j001","Jay","Jon","L","L","ARI","OF"
"62","kellc002","Kelly","Carson","R","R","ARI","C"
"63","kellm002","Kelly","Merrill","R","R","ARI","P"
"64","lambj001","Lamb","Jake","L","R","ARI","3B"
"65","lewia001","Lewicki","Artie","R","R","ARI","P"
"66","locat001","Locastro","Tim","R","R","ARI","2B"
"67","lopey001","Lopez","Yoan","R","R","ARI","P"
"68","mantj002","Mantiply","Joe","R","L","ARI","P"
"69","martk001","Marte","Ketel","B","R","ARI","SS"
"70","marts002","Marte","Starling","R","R","ARI","OF"
"71","mathw001","Mathisen","Wyatt","R","R","ARI","3B"
"72","mellk001","Mella","Keury","R","R","ARI","P"
"73","perad001","Peralta","David","L","L","ARI","OF"
"74","payaj001","Payamps","Joel","R","R","ARI","P"
"75","ray-r002","Ray","Robbie","L","L","ARI","P"
"76","rojaj001","Rojas","Josh","L","R","ARI","3B"
"77","rondh001","Rondon","Hector","R","R","ARI","P"
"78","smitc006","Smith","Caleb","R","L","ARI","P"
"79","smitp002","Smith","Pavin","L","L","ARI","OF"
"80","smitr005","Smith","Riley","R","R","ARI","P"
"81","vanmj001","VanMeter","Josh","L","R","ARI","2B"
"82","vargi001","Vargas","Ildemaro","B","R","ARI","2B"
"83","vogts001","Vogt","Stephen","L","R","ARI","C"
"84","walkc002","Walker","Christian","R","R","ARI","1B"
"85","weavl001","Weaver","Luke","R","R","ARI","P"
"86","widet001","Widener","Taylor","L","R","ARI","P"
"87","youna002","Young","Alex","L","L","ARI","P"
"88","youna003","Young","Andy","R","R","ARI","2B"
"89","adamm002","Adams","Matt","L","R","ATL","1B"
"90","albio001","Albies","Ozzie","B","R","ATL","2B"
"91","andei001","Anderson","Ian","R","R","ATL","P"
"92","camaj001","Camargo","Johan","B","R","ATL","SS"
"93","chacj001","Chacin","Jhoulys","R","R","ATL","P"
"94","contw002","Contreras","William","R","R","ATL","C"
"95","culbc001","Culberson","Charlie","R","R","ATL","3B"
"96","davit005","Davidson","Tucker","L","L","ATL","P"
"97","daytg001","Dayton","Grant","L","L","ATL","P"
"98","duvaa001","Duvall","Adam","R","R","ATL","OF"
"99","erlir001","Erlin","Robbie","R","L","ATL","P"
"100","flowt001","Flowers","Tyler","R","R","ATL","C"
"101","foltm001","Foltynewicz","Mike","R","R","ATL","P"
"102","freef001","Freeman","Freddie","L","R","ATL","1B"
"103","friem001","Fried","Max","L","L","ATL","P"
"104","grees005","Greene","Shane","R","R","ATL","P"
"105","hamec001","Hamels","Cole","L","L","ATL","P"
"106","hecha001","Hechavarria","Adeiny","R","R","ATL","SS"
"107","incie001","Inciarte","Ender","L","L","ATL","OF"
"108","jacka002","Jackson","Alex","R","R","ATL","C"
"109","jackl001","Jackson","Luke","R","R","ATL","P"
"110","markn001","Markakis","Nick","L","L","ATL","OF"
"111","martc007","Martin","Chris","R","R","ATL","P"
"112","matzt001","Matzek","Tyler","L","L","ATL","P"
"113","melam001","Melancon","Mark","R","R","ATL","P"
"114","milot001","Milone","Tommy","L","L","ATL","P"
"115","minta001","Minter","A.J.","L","L","ATL","P"
"116","newcs001","Newcomb","Sean","L","L","ATL","P"
"117","odayd001","O'Day","Darren","R","R","ATL","P"
"118","ozunm001","Ozuna","Marcell","R","R","ATL","OF"
"119","pachc001","Pache","Cristian","R","R","ATL","OF"
"120","rilea001","Riley","Austin","R","R","ATL","3B"
"121","rusic001","Rusin","Chris","L","L","ATL","P"
"122","sandp001","Sandoval","Pablo","B","R","ATL","3B"
"123","sches001","Schebler","Scott","L","R","ATL","OF"
"124","smitw002","Smith","Will","R","L","ATL","P"
"125","soboc001","Sobotka","Chad","R","R","ATL","P"
"126","sorom001","Soroka","Mike","R","R","ATL","P"
"127","swand001","Swanson","Dansby","R","R","ATL","SS"
"128","tomlj001","Tomlin","Josh","R","R","ATL","P"
"129","toust001","Toussaint","Touki","R","R","ATL","P"
"130","webbj002","Webb","Jacob","R","R","ATL","P"
"131","weigp001","Weigel","Patrick","R","R","ATL","P"
"132","wilsb003","Wilson","Bryse","R","R","ATL","P"
"133","wrigk001","Wright","Kyle","R","R","ATL","P"
"134","ynoah001","Ynoa","Huascar","R","R","ATL","P"
"135","darnt001","d'Arnaud","Travis","R","R","ATL","C"
"136","albeh001","Alberto","Hanser","R","R","BAL","2B"
"137","armss001","Armstrong","Shawn","R","R","BAL","P"
"138","bleir001","Bleier","Richard","L","L","BAL","P"
"139","carrc004","Carroll","Cody","R","R","BAL","P"
"140","castm002","Castro","Miguel","R","R","BAL","P"
"141","cobba001","Cobb","Alex","R","R","BAL","P"
"142","davic003","Davis","Chris","L","R","BAL","1B"
"143","eshet001","Eshelman","Thomas","R","R","BAL","P"
"144","fry-p001","Fry","Paul","L","L","BAL","P"
"145","fulmc001","Fulmer","Carson","R","R","BAL","P"
"146","givem001","Givens","Mychal","R","R","BAL","P"
"147","harvh001","Harvey","Hunter","R","R","BAL","P"
"148","haysa001","Hays","Austin","R","R","BAL","OF"
"149","herrd002","Herrera","Dilson","R","R","BAL","2B"
"150","hessd001","Hess","David","R","R","BAL","P"
"151","holab001","Holaday","Bryan","R","R","BAL","C"
"152","iglej001","Iglesias","Jose","R","R","BAL","SS"
"153","klinb001","Kline","Branden","R","R","BAL","P"
"154","kremd001","Kremer","Dean","R","R","BAL","P"
"155","lakit001","Lakins","Travis","R","R","BAL","P"
"156","leblw001","LeBlanc","Wade","L","L","BAL","P"
"157","lopej004","Lopez","Jorge","R","R","BAL","P"
"158","meanj001","Means","John","L","L","BAL","P"
"159","milot001","Milone","Tommy","L","L","BAL","P"
"160","mounr001","Mountcastle","Ryan","R","R","BAL","1B"
"161","mullc002","Mullins","Cedric","B","L","BAL","OF"
"162","nuner001","Nunez","Renato","R","R","BAL","3B"
"163","phile001","Phillips","Evan","R","R","BAL","P"
"164","ruizr002","Ruiz","Rio","L","R","BAL","3B"
"165","santa003","Santander","Anthony","B","R","BAL","OF"
"166","scott003","Scott","Tanner","R","L","BAL","P"
"167","sevep001","Severino","Pedro","R","R","BAL","C"
"168","siscc001","Sisco","Chance","L","R","BAL","C"
"169","smitd007","Smith","Dwight","L","R","BAL","OF"
"170","stewd002","Stewart","DJ","L","R","BAL","OF"
"171","sulsc001","Sulser","Cole","R","R","BAL","P"
"172","tated001","Tate","Dillon","R","R","BAL","P"
"173","uriar001","Urias","Ramon","R","R","BAL","2B"
"174","valap001","Valaika","Pat","R","R","BAL","SS"
"175","valdc003","Valdez","Cesar","R","R","BAL","P"
"176","velaa001","Velazquez","Andrew","B","R","BAL","SS"
"177","willm007","Williams","Mason","L","R","BAL","OF"
"178","wojca001","Wojciechowski","Asher","R","R","BAL","P"
"179","zimmb002","Zimmermann","Bruce","L","L","BAL","P"
"180","arroc001","Arroyo","Christian","R","R","BOS","3B"
"181","barnm001","Barnes","Matt","R","R","BOS","P"
"182","benia002","Benintendi","Andrew","L","L","BOS","LF"
"183","bogax001","Bogaerts","Xander","R","R","BOS","SS"
"184","bradj001","Bradley","Jackie","L","R","BOS","OF"
"185","brasr001","Brasier","Ryan","R","R","BOS","P"
"186","brewc002","Brewer","Colten","R","R","BOS","P"
"187","brica001","Brice","Austin","R","R","BOS","P"
"188","chavm001","Chavis","Michael","R","R","BOS","3B"
"189","coved001","Covey","Dylan","R","R","BOS","P"
"190","dalbb001","Dalbec","Bobby","R","R","BOS","1B"
"191","dever001","Devers","Rafael","L","R","BOS","3B"
"192","eovan001","Eovaldi","Nathan","R","R","BOS","P"
"193","godlz001","Godley","Zack","R","R","BOS","P"
"194","gruld001","Grullon","Deivy","R","R","BOS","C"
"195","hallm002","Hall","Matt","L","L","BOS","P"
"196","hartk002","Hart","Kyle","L","L","BOS","P"
"197","hembh001","Hembree","Heath","R","R","BOS","P"
"198","hernd004","Hernandez","Darwinzon","L","L","BOS","P"
"199","houct001","Houck","Tanner","R","R","BOS","P"
"200","kickm001","Kickham","Mike","L","L","BOS","P"
"201","leyer001","Leyer","Robinson","R","R","BOS","P"
"202","lin-t001","Lin","Tzu-Wei","L","R","BOS","SS"
"203","lucrj001","Lucroy","Jonathan","R","R","BOS","C"
"204","martj006","Martinez","J.D.","R","R","BOS","OF"
"205","mazzc002","Mazza","Chris","R","R","BOS","P"
"206","morem001","Moreland","Mitch","L","L","BOS","1B"
"207","munoy001","Munoz","Yairo","R","R","BOS","SS"
"208","osicj001","Osich","Josh","L","L","BOS","P"
"209","peraj003","Peraza","Jose","R","R","BOS","2B"
"210","perem004","Perez","Martin","L","L","BOS","P"
"211","piven001","Pivetta","Nick","R","R","BOS","P"
"212","pillk001","Pillar","Kevin","R","R","BOS","OF"
"213","plawk001","Plawecki","Kevin","R","R","BOS","C"
"214","puelc001","Puello","Cesar","R","R","BOS","OF"
"215","sprij001","Springs","Jeffrey","L","L","BOS","P"
"216","stocr001","Stock","Robert","L","R","BOS","P"
"217","tapid001","Tapia","Domingo","R","R","BOS","P"
"218","taylj001","Taylor","Josh","L","L","BOS","P"
"219","triga001","Triggs","Andrew","R","R","BOS","P"
"220","valdp002","Valdez","Phillips","R","R","BOS","P"
"221","vazqc001","Vazquez","Christian","R","R","BOS","C"
"222","verda001","Verdugo","Alex","L","L","BOS","OF"
"223","waldm002","Walden","Marcus","R","R","BOS","P"
"224","weber001","Weber","Ryan","R","R","BOS","P"
"225","workb001","Workman","Brandon","R","R","BOS","P"
"226","anded003","Anderson","Drew","R","R","CHA","P"
"227","andet001","Anderson","Tim","R","R","CHA","SS"
"228","bumma001","Bummer","Aaron","L","L","CHA","P"
"229","burdz001","Burdi","Zack","R","R","CHA","P"
"230","ceasd001","Cease","Dylan","R","R","CHA","P"
"231","cishs001","Cishek","Steve","R","R","CHA","P"
"232","collz001","Collins","Zack","L","R","CHA","C"
"233","coloa001","Colome","Alex","R","R","CHA","P"
"234","cordj001","Cordero","Jimmy","R","R","CHA","P"
"235","crocg001","Crochet","Garrett","L","L","CHA","P"
"236","cuthc001","Cuthbert","Cheslor","R","R","CHA","3B"
"237","delmn001","Delmonico","Nicky","L","R","CHA","3B"
"238","detwr001","Detwiler","Ross","R","L","CHA","P"
"239","dunnd001","Dunning","Dane","R","R","CHA","P"
"240","dysoj001","Dyson","Jarrod","L","R","CHA","OF"
"241","encae001","Encarnacion","Edwin","R","R","CHA","DH"
"242","engea001","Engel","Adam","R","R","CHA","OF"
"243","florb002","Flores","Bernardo","L","L","CHA","P"
"244","fostm001","Foster","Matt","R","R","CHA","P"
"245","fry-j001","Fry","Jace","L","L","CHA","P"
"246","garcl004","Garcia","Leury","B","R","CHA","OF"
"247","gioll001","Giolito","Lucas","R","R","CHA","P"
"248","goinr001","Goins","Ryan","L","R","CHA","2B"
"249","gonzg003","Gonzalez","Gio","R","L","CHA","P"
"250","gonzl005","Gonzalez","Luis","L","L","CHA","OF"
"251","grany001","Grandal","Yasmani","B","R","CHA","C"
"252","hamii001","Hamilton","Ian","R","R","CHA","P"
"253","herrk001","Herrera","Kelvin","R","R","CHA","P"
"254","heuec001","Heuer","Codi","R","R","CHA","P"
"255","jimee001","Jimenez","Eloy","R","R","CHA","OF"
"256","keucd001","Keuchel","Dallas","L","L","CHA","P"
"257","lailb001","Lail","Brady","R","R","CHA","P"
"258","lambj003","Lambert","Jimmy","R","R","CHA","P"
"259","loper003","Lopez","Reynaldo","R","R","CHA","P"
"260","madrn001","Madrigal","Nick","R","R","CHA","2B"
"261","marse001","Marshall","Evan","R","R","CHA","P"
"262","mazan001","Mazara","Nomar","L","L","CHA","OF"
"263","mccaj001","McCann","James","R","R","CHA","C"
"264","mcraa001","McRae","Alex","R","R","CHA","P"
"265","mendd002","Mendick","Danny","R","R","CHA","SS"
"266","mercy001","Mercedes","Yermin","R","R","CHA","C"
"267","moncy001","Moncada","Yoan","B","R","CHA","3B"
"268","robel002","Robert","Luis","R","R","CHA","OF"
"269","rodoc001","Rodon","Carlos","L","L","CHA","P"
"270","ruizj001","Ruiz","Jose","R","R","CHA","P"
"271","sancc001","Sanchez","Yolmer","B","R","CHA","2B"
"272","stiej001","Stiever","Jonathan","R","R","CHA","P"
"273","almoa002","Almora","Albert","R","R","CHN","OF"
"274","alzoa001","Alzolay","Adbert","R","R","CHN","P"
"275","baezj001","Baez","Javier","R","R","CHN","2B"
"276","boted002","Bote","David","R","R","CHN","2B"
"277","brotr001","Brothers","Rex","L","L","CHN","P"
"278","bryak001","Bryant","Kris","R","R","CHN","3B"
"279","carav001","Caratini","Victor","B","R","CHN","C"
"280","chafa001","Chafin","Andrew","R","L","CHN","P"
"281","chatt001","Chatwood","Tyler","R","R","CHN","P"
"282","contw001","Contreras","Willson","R","R","CHN","C"
"283","darvy001","Darvish","Yu","R","R","CHN","P"
"284","dermm001","Dermody","Matt","R","L","CHN","P"
"285","hamib001","Hamilton","Billy","B","R","CHN","OF"
"286","happi001","Happ","Ian","B","R","CHN","2B"
"287","hendk001","Hendricks","Kyle","R","R","CHN","P"
"288","heywj001","Heyward","Jason","L","L","CHN","OF"
"289","hoern001","Hoerner","Nico","R","R","CHN","SS"
"290","jeffj001","Jeffress","Jeremy","R","R","CHN","P"
"291","kimbc001","Kimbrel","Craig","R","R","CHN","P"
"292","kipnj001","Kipnis","Jason","L","R","CHN","2B"
"293","lestj001","Lester","Jon","L","L","CHN","P"
"294","mapld001","Maples","Dillon","R","R","CHN","P"
"295","martj008","Martinez","Jose","R","R","CHN","OF"
"296","marqb001","Marquez","Brailyn","L","L","CHN","P"
"297","maybc001","Maybin","Cameron","R","R","CHN","OF"
"298","milli001","Miller","Ian","L","R","CHN","OF"
"299","millt003","Miller","Tyson","R","R","CHN","P"
"300","milla003","Mills","Alec","R","R","CHN","P"
"301","norwj001","Norwood","James","R","R","CHN","P"
"302","osicj001","Osich","Josh","L","L","CHN","P"
"303","pereh001","Perez","Hernan","R","R","CHN","3B"
"304","phegj001","Phegley","Josh","R","R","CHN","C"
"305","quinj001","Quintana","Jose","R","L","CHN","P"
"306","rea-c001","Rea","Colin","R","R","CHN","P"
"307","rizza001","Rizzo","Anthony","L","L","CHN","1B"
"308","ryank002","Ryan","Kyle","L","L","CHN","P"
"309","sadlc002","Sadler","Casey","R","R","CHN","P"
"310","schwk001","Schwarber","Kyle","L","R","CHN","OF"
"311","souzs001","Souza","Steven","R","R","CHN","OF"
"312","teper001","Tepera","Ryan","R","R","CHN","P"
"313","unded001","Underwood","Duane","R","R","CHN","P"
"314","vargi001","Vargas","Ildemaro","B","R","CHN","2B"
"315","wickr001","Wick","Rowan","L","R","CHN","P"
"316","wiecb001","Wieck","Brad","L","L","CHN","P"
"317","winkd001","Winkler","Dan","R","R","CHN","P"
"318","wisdp001","Wisdom","Patrick","R","R","TEX","3B"
"319","antot001","Antone","Tejay","R","R","CIN","P"
"320","aquia001","Aquino","Aristides","R","R","CIN","OF"
"321","barnt001","Barnhart","Tucker","L","R","CIN","C"
"322","bauet001","Bauer","Trevor","R","R","CIN","P"
"323","biddj001","Biddle","Jesse","L","L","CIN","P"
"324","brada001","Bradley","Archie","R","R","CIN","P"
"325","casac001","Casali","Curt","R","R","CIN","C"
"326","castn001","Castellanos","Nick","R","R","CIN","3B"
"327","castl003","Castillo","Luis","R","R","CIN","P"
"328","coloc002","Colon","Christian","R","R","CIN","SS"
"329","davim005","Davidson","Matt","R","R","CIN","3B"
"330","delej003","De Leon","Jose","R","R","CIN","P"
"331","desca001","DeSclafani","Anthony","R","R","CIN","P"
"332","ervip001","Ervin","Phillip","R","R","CIN","OF"
"333","farmk001","Farmer","Kyle","R","R","CIN","C"
"334","galvf001","Galvis","Freddy","B","R","CIN","SS"
"335","garcj007","Garcia","Jose","R","R","CIN","SS"
"336","garra001","Garrett","Amir","R","L","CIN","P"
"337","goodb001","Goodwin","Brian","L","R","CIN","OF"
"338","grays001","Gray","Sonny","R","R","CIN","P"
"339","igler001","Iglesias","Raisel","R","R","CIN","P"
"340","jankt001","Jankowski","Travis","L","R","CIN","OF"
"341","jonen001","Jones","Nate","R","R","CIN","P"
"342","kuhnj001","Kuhnel","Joel","R","R","CIN","P"
"343","lorem002","Lorenzen","Michael","R","R","CIN","P"
"344","mahlt001","Mahle","Tyler","R","R","CIN","P"
"345","milew001","Miley","Wade","L","L","CIN","P"
"346","mousm001","Moustakas","Mike","L","R","CIN","3B"
"347","paytm001","Payton","Mark","L","L","CIN","OF"
"348","raleb001","Raley","Brooks","L","L","CIN","P"
"349","reedc002","Reed","Cody","L","L","CIN","P"
"350","romas001","Romano","Sal","L","R","CIN","P"
"351","senzn001","Senzel","Nick","R","R","CIN","OF"
"352","simsl001","Sims","Lucas","R","R","CIN","P"
"353","stepr002","Stephenson","Robert","R","R","CIN","P"
"354","stept001","Stephenson","Tyler","R","R","CIN","C"
"355","strop001","Strop","Pedro","R","R","CIN","P"
"356","suare001","Suarez","Eugenio","R","R","CIN","SS"
"357","thort001","Thornburg","Tyler","R","R","CIN","P"
"358","vanmj001","VanMeter","Josh","L","R","CIN","2B"
"359","vottj001","Votto","Joey","L","R","CIN","1B"
"360","winkj002","Winker","Jesse","L","L","CIN","OF"
"361","allel002","Allen","Logan","R","L","CLE","P"
"362","arroc001","Arroyo","Christian","R","R","CLE","3B"
"363","biebs001","Bieber","Shane","R","R","CLE","P"
"364","carrc003","Carrasco","Carlos","R","R","CLE","P"
"365","chany001","Chang","Yu","R","R","CLE","SS"
"366","cimba001","Cimber","Adam","R","R","CLE","P"
"367","civaa001","Civale","Aaron","R","R","CLE","P"
"368","clevm001","Clevinger","Mike","R","R","CLE","P"
"369","deshd002","DeShields","Delino","R","R","CLE","OF"
"370","freem002","Freeman","Mike","L","R","CLE","1B"
"371","handb001","Hand","Brad","L","L","CLE","P"
"372","hedga001","Hedges","Austin","R","R","CLE","C"
"373","hernc005","Hernandez","Cesar","B","R","CLE","2B"
"374","hillc001","Hill","Cam","R","R","CLE","P"
"375","johnd006","Johnson","Daniel","L","L","CLE","OF"
"376","karij001","Karinchak","James","R","R","CLE","P"
"377","leons001","Leon","Sandy","B","R","CLE","C"
"378","leond003","Leone","Dominic","R","R","CLE","P"
"379","lindf001","Lindor","Francisco","B","R","CLE","SS"
"380","luplj001","Luplow","Jordan","R","R","CLE","OF"
"381","matop002","Maton","Phil","R","R","CLE","P"
"382","mcket001","McKenzie","Triston","R","R","CLE","P"
"383","merco003","Mercado","Oscar","R","R","CLE","OF"
"384","naqut001","Naquin","Tyler","L","R","CLE","OF"
"385","naylj001","Naylor","Josh","L","L","CLE","OF"
"386","nelsk001","Nelson","Kyle","L","L","CLE","P"
"387","pereo002","Perez","Oliver","L","L","CLE","P"
"388","perer003","Perez","Roberto","R","R","CLE","C"
"389","plesz001","Plesac","Zach","R","R","CLE","P"
"390","pluta001","Plutko","Adam","R","R","CLE","P"
"391","quanc001","Quantrill","Cal","L","R","CLE","P"
"392","ramij003","Ramirez","Jose","B","R","CLE","P"
"393","reyef001","Reyes","Franmil","R","R","CLE","OF"
"394","santc002","Santana","Carlos","B","R","CLE","1B"
"395","santd002","Santana","Domingo","R","R","CLE","OF"
"396","taylb003","Taylor","Beau","L","R","CLE","C"
"397","wittn001","Wittgren","Nick","R","R","CLE","P"
"398","zimmb001","Zimmer","Bradley","L","R","CLE","OF"
"399","arenn001","Arenado","Nolan","R","R","COL","3B"
"400","bardd001","Bard","Daniel","R","R","COL","P"
"401","blacc001","Blackmon","Charlie","L","L","COL","OF"
"402","buted001","Butera","Drew","R","R","COL","C"
"403","castr005","Castellani","Ryan","R","R","COL","P"
"404","dahld001","Dahl","David","L","R","COL","OF"
"405","daviw001","Davis","Wade","R","R","COL","P"
"406","diaze005","Diaz","Elias","R","R","COL","C"
"407","diazj006","Diaz","Jairo","R","R","COL","P"
"408","diehp001","Diehl","Phillip","L","L","COL","P"
"409","doylt001","Doyle","Tommy","R","R","COL","P"
"410","estec001","Estevez","Carlos","R","R","COL","P"
"411","freek001","Freeland","Kyle","L","L","COL","P"
"412","fuenj001","Fuentes","Josh","R","R","COL","3B"
"413","givem001","Givens","Mychal","R","R","COL","P"
"414","gonzc002","Gonzalez","Chi Chi","R","R","COL","P"
"415","gouda001","Goudeau","Ashton","R","R","COL","P"
"416","grayj003","Gray","Jon","R","R","COL","P"
"417","hampg001","Hampson","Garrett","R","R","COL","SS"
"418","harvj001","Harvey","Joe","R","R","COL","P"
"419","hills005","Hilliard","Sam","L","L","COL","OF"
"420","hoffj003","Hoffman","Jeff","R","R","COL","P"
"421","kempm001","Kemp","Matt","R","R","COL","OF"
"422","kinlt001","Kinley","Tyler","R","R","COL","P"
"423","marqg001","Marquez","German","R","R","COL","P"
"424","mcmar001","McMahon","Ryan","L","R","COL","3B"
"425","mujij001","Mujica","Jose","R","R","COL","P"
"426","murpd006","Murphy","Daniel","L","R","COL","2B"
"427","owinc001","Owings","Chris","R","R","COL","2B"
"428","pazoj001","Pazos","James","R","L","COL","P"
"429","pillk001","Pillar","Kevin","R","R","COL","OF"
"430","ramoa001","Ramos","A.J.","R","R","COL","P"
"431","rodgb002","Rodgers","Brendan","R","R","COL","SS"
"432","santa004","Santos","Antonio","R","R","COL","P"
"433","senza001","Senzatela","Antonio","R","R","COL","P"
"434","stort001","Story","Trevor","R","R","COL","SS"
"435","tapir001","Tapia","Raimel","L","L","COL","OF"
"436","tinoj001","Tinoco","Jesus","R","R","COL","P"
"437","woltt001","Wolters","Tony","L","R","COL","C"
"438","alext001","Alexander","Tyler","R","L","DET","P"
"439","bonij002","Bonifacio","Jorge","R","R","DET","OF"
"440","boydm001","Boyd","Matthew","L","L","DET","P"
"441","burrb002","Burrows","Beau","R","R","DET","P"
"442","cabrm001","Cabrera","Miguel","R","R","DET","1B"
"443","camed001","Cameron","Daz","R","R","DET","OF"
"444","candj002","Candelario","Jeimer","B","R","DET","3B"
"445","casth001","Castro","Harold","L","R","DET","3B"
"446","casta005","Castro","Anthony","R","R","DET","P"
"447","castw003","Castro","Willi","B","R","DET","SS"
"448","cisnj001","Cisnero","Jose","R","R","DET","P"
"449","cronc002","Cron","C.J.","R","R","DET","1B"
"450","demet001","Demeritte","Travis","R","R","DET","OF"
"451","dixob001","Dixon","Brandon","R","R","DET","OF"
"452","farmb001","Farmer","Buck","L","R","DET","P"
"453","fulmm001","Fulmer","Michael","R","R","DET","P"
"454","fulmc001","Fulmer","Carson","R","R","DET","P"
"455","funkk001","Funkhouser","Kyle","R","R","DET","P"
"456","garcb001","Garcia","Bryan","R","R","DET","P"
"457","garcr007","Garcia","Rony","R","R","DET","P"
"458","goodn002","Goodrum","Niko","B","R","DET","OF"
"459","greig001","Greiner","Grayson","R","R","DET","C"
"460","haase001","Haase","Eric","R","R","DET","C"
"461","hilld002","Hill","Derek","R","R","DET","OF"
"462","jimej003","Jimenez","Joe","R","R","DET","P"
"463","jonej006","Jones","JaCoby","R","R","DET","3B"
"464","lugod001","Lugo","Dawel","R","R","DET","2B"
"465","maybc001","Maybin","Cameron","R","R","DET","OF"
"466","mckad001","McKay","David","R","R","DET","P"
"467","mercj002","Mercer","Jordy","R","R","DET","SS"
"468","mizec001","Mize","Casey","R","R","DET","P"
"469","norrd002","Norris","Daniel","L","L","DET","P"
"470","novai001","Nova","Ivan","R","R","DET","P"
"471","parei001","Paredes","Isaac","R","R","DET","3B"
"472","ramin003","Ramirez","Nick","L","L","DET","P"
"473","reyev001","Reyes","Victor","B","R","DET","OF"
"474","romia002","Romine","Austin","R","R","DET","C"
"475","schoj001","Schoop","Jonathan","R","R","DET","2B"
"476","schrj001","Schreiber","John","R","R","DET","P"
"477","sotog003","Soto","Gregory","L","L","DET","P"
"478","skubt001","Skubal","Tarik","L","L","DET","P"
"479","stewc002","Stewart","Christin","L","R","DET","OF"
"480","turns003","Turnbull","Spencer","R","R","DET","P"
"481","zimmj003","Zimmermann","Jordan","R","R","DET","P"
"482","altuj001","Altuve","Jose","R","R","HOU","2B"
"483","alvay001","Alvarez","Yordan","L","R","HOU","1B"
"484","bailb002","Bailey","Brandon","R","R","HOU","P"
"485","biagj001","Biagini","Joe","R","R","HOU","P"
"486","bielb001","Bielak","Brandon","L","R","HOU","P"
"487","branm003","Brantley","Michael","L","L","HOU","OF"
"488","brega001","Bregman","Alex","R","R","HOU","SS"
"489","casth002","Castellanos","Humberto","R","R","HOU","P"
"490","corrc001","Correa","Carlos","R","R","HOU","SS"
"491","dejoc001","De Jong","Chase","L","R","HOU","P"
"492","devec001","Devenski","Chris","R","R","HOU","P"
"493","diaza003","Diaz","Aledmys","R","R","HOU","SS"
"494","garcl007","Garcia","Luis","R","R","HOU","P"
"495","garnd001","Garneau","Dustin","R","R","HOU","C"
"496","greiz001","Greinke","Zack","R","R","HOU","P"
"497","gurry001","Gurriel","Yuli","R","R","HOU","3B"
"498","jamej002","James","Josh","R","R","HOU","P"
"499","javic001","Javier","Cristian","R","R","HOU","P"
"500","jonet005","Jones","Taylor","R","R","HOU","1B"
"501","maldm001","Maldonado","Martin","R","R","HOU","C"
"502","mayfj001","Mayfield","Jack","R","R","HOU","2B"
"503","mccul002","McCullers","Lance","L","R","HOU","P"
"504","osunr001","Osuna","Roberto","R","R","HOU","P"
"505","paree003","Paredes","Enoli","R","R","HOU","P"
"506","peacb001","Peacock","Brad","R","R","HOU","P"
"507","presr001","Pressly","Ryan","R","R","HOU","P"
"508","perec004","Perez","Cionel","L","L","HOU","P"
"509","raleb001","Raley","Brooks","L","L","HOU","P"
"510","reddj001","Reddick","Josh","L","R","HOU","OF"
"511","rodrn002","Rodriguez","Nivaldo","R","R","HOU","P"
"512","sanac001","Sanabria","Carlos","R","R","HOU","P"
"513","scrua001","Scrubb","Andre","R","R","HOU","P"
"514","sneec001","Sneed","Cy","R","R","HOU","P"
"515","sprig001","Springer","George","R","R","HOU","OF"
"516","stram002","Straw","Myles","R","R","HOU","OF"
"517","stubg001","Stubbs","Garrett","L","R","HOU","C"
"518","taylb004","Taylor","Blake","L","L","HOU","P"
"519","toroa001","Toro","Abraham","B","R","HOU","3B"
"520","tuckk001","Tucker","Kyle","L","R","HOU","OF"
"521","urquj001","Urquidy","Jose","R","R","HOU","P"
"522","valdf001","Valdez","Framber","L","L","HOU","P"
"523","verlj001","Verlander","Justin","R","R","HOU","P"
"524","barls001","Barlow","Scott","R","R","KCA","P"
"525","blews001","Blewett","Scott","R","R","KCA","P"
"526","bolar001","Bolanos","Ronald","R","R","KCA","P"
"527","bubik001","Bubic","Kris","L","L","KCA","P"
"528","cordf003","Cordero","Franchy","L","R","KCA","OF"
"529","dozih001","Dozier","Hunter","R","R","KCA","OF"
"530","duffd001","Duffy","Danny","L","L","KCA","P"
"531","franm004","Franco","Maikel","R","R","KCA","3B"
"532","gallc001","Gallagher","Cam","R","R","KCA","C"
"533","gorda001","Gordon","Alex","L","R","KCA","OF"
"534","griff001","Griffin","Foster","R","L","KCA","P"
"535","gutik001","Gutierrez","Kelvin","R","R","KCA","3B"
"536","hahnj001","Hahn","Jesse","R","R","KCA","P"
"537","harvm001","Harvey","Matt","R","R","KCA","P"
"538","heatn002","Heath","Nick","L","L","KCA","OF"
"539","hernc006","Hernandez","Carlos","R","R","KCA","P"
"540","herno002","Hernandez","Oscar","R","R","KCA","C"
"541","hollg001","Holland","Greg","R","R","KCA","P"
"542","junij001","Junis","Jakob","R","R","KCA","P"
"543","kellb003","Keller","Brad","R","R","KCA","P"
"544","kenni001","Kennedy","Ian","R","R","KCA","P"
"545","lopej004","Lopez","Jorge","R","R","KCA","P"
"546","lopen001","Lopez","Nicky","L","R","KCA","SS"
"547","lover001","Lovelady","Richard","L","L","KCA","P"
"548","mcbrr001","McBroom","Ryan","R","L","KCA","1B"
"549","mccak002","McCarthy","Kevin","R","R","KCA","P"
"550","mejie001","Mejia","Erick","B","R","KCA","2B"
"551","merrw001","Merrifield","Whit","R","R","KCA","OF"
"552","mondr003","Mondesi","Adalberto","B","R","KCA","SS"
"553","montm002","Montgomery","Mike","L","L","KCA","P"
"554","newbj001","Newberry","Jake","R","R","KCA","P"
"555","ohear001","O'Hearn","Ryan","L","L","KCA","1B"
"556","olive001","Olivares","Edward","R","R","KCA","OF"
"557","peres002","Perez","Salvador","R","R","KCA","C"
"558","philb002","Phillips","Brett","L","R","KCA","OF"
"559","reynm003","Reynolds","Matt","R","R","KCA","SS"
"560","rosar002","Rosario","Randy","L","L","KCA","P"
"561","roset001","Rosenthal","Trevor","R","R","KCA","P"
"562","singb001","Singer","Brady","R","R","KCA","A"
"563","solej001","Soler","Jorge","R","R","KCA","OF"
"564","sparg001","Sparkman","Glenn","B","R","KCA","P"
"565","speig001","Speier","Gabe","L","L","KCA","P"
"566","starb001","Starling","Bubba","R","R","KCA","OF"
"567","stauj001","Staumont","Josh","R","R","KCA","P"
"568","vilom001","Viloria","Meibrys","L","R","KCA","C"
"569","zimmk001","Zimmer","Kyle","R","R","KCA","P"
"570","zubet001","Zuber","Tyler","R","R","KCA","P"
"571","baezp001","Baez","Pedro","R","R","LAN","P"
"572","barna001","Barnes","Austin","R","R","LAN","C"
"573","beatm001","Beaty","Matt","L","R","LAN","1B"
"574","bellc002","Bellinger","Cody","L","L","LAN","1B"
"575","bettm001","Betts","Mookie","R","R","LAN","OF"
"576","buehw001","Buehler","Walker","R","R","LAN","P"
"577","fergc001","Ferguson","Caleb","R","L","LAN","P"
"578","flord002","Floro","Dylan","L","R","LAN","P"
"579","gonst001","Gonsolin","Tony","R","R","LAN","P"
"580","gonzv001","Gonzalez","Victor","L","L","LAN","P"
"581","goret001","Gore","Terrance","R","R","LAN","OF"
"582","gratb002","Graterol","Brusdar","R","R","LAN","P"
"583","herne001","Hernandez","Enrique","R","R","LAN","OF"
"584","jansk001","Jansen","Kenley","B","R","LAN","P"
"585","kellj001","Kelly","Joe","R","R","LAN","P"
"586","kersc001","Kershaw","Clayton","L","L","LAN","P"
"587","kolaa001","Kolarek","Adam","L","L","LAN","P"
"588","lux-g001","Lux","Gavin","L","R","LAN","2B"
"589","may-d003","May","Dustin","R","R","LAN","P"
"590","mcgej001","McGee","Jake","L","L","LAN","P"
"591","mckiz001","McKinstry","Zach","L","R","LAN","2B"
"592","muncm001","Muncy","Max","L","R","LAN","1B"
"593","pedej001","Pederson","Joc","L","L","LAN","OF"
"594","polla001","Pollock","AJ","R","R","LAN","OF"
"595","riose001","Rios","Edwin","L","R","LAN","3B"
"596","ruizk001","Ruiz","Keibert","B","R","LAN","C"
"597","santd003","Santana","Dennis","R","R","LAN","P"
"598","sborj002","Sborz","Josh","R","R","LAN","P"
"599","seagc001","Seager","Corey","L","R","LAN","SS"
"600","smitw003","Smith","Will","R","R","LAN","C"
"601","strir001","Stripling","Ross","R","R","LAN","P"
"602","taylc001","Taylor","Chris","R","R","LAN","SS"
"603","treib001","Treinen","Blake","R","R","LAN","P"
"604","turnj001","Turner","Justin","R","R","LAN","3B"
"605","uriaj001","Urias","Julio","L","L","LAN","P"
"606","whitm004","White","Mitch","R","R","LAN","P"
"607","wooda002","Wood","Alex","R","L","LAN","P"
"608","alcas001","Alcantara","Sandy","R","R","MIA","P"
"609","alfaj002","Alfaro","Jorge","R","R","MIA","C"
"610","alvae001","Alvarez","Eddy","B","R","MIA","SS"
"611","andeb006","Anderson","Brian","R","R","MIA","3B"
"612","bertj001","Berti","Jon","R","R","MIA","3B"
"613","bleir001","Bleier","Richard","L","L","MIA","P"
"614","boxbb001","Boxberger","Brad","R","R","MIA","P"
"615","brigj002","Brigham","Jeff","R","R","MIA","P"
"616","brinl001","Brinson","Lewis","R","R","MIA","OF"
"617","castd003","Castano","Daniel","L","L","MIA","P"
"618","cervf001","Cervelli","Francisco","R","R","MIA","C"
"619","chisj001","Chisholm","Jazz","L","R","MIA","SS"
"620","coopg002","Cooper","Garrett","R","R","MIA","1B"
"621","diazi001","Diaz","Isan","L","R","MIA","2B"
"622","diazl001","Diaz","Lewin","L","L","MIA","1B"
"623","dickc002","Dickerson","Corey","L","R","MIA","OF"
"624","duggr001","Dugger","Robert","R","R","MIA","P"
"625","eibnb001","Eibner","Brett","R","R","MIA","P"
"626","forsl001","Forsythe","Logan","R","R","MIA","2B"
"627","garcy001","Garcia","Yimi","R","R","MIA","P"
"628","garrb001","Garrett","Braxton","L","L","MIA","P"
"629","guzmj006","Guzman","Jorge","R","R","MIA","P"
"630","harrm003","Harrison","Monte","R","R","MIA","OF"
"631","herne002","Hernandez","Elieser","R","R","MIA","P"
"632","hollj002","Holloway","Jordan","R","R","MIA","P"
"633","hoytj001","Hoyt","James","R","R","MIA","P"
"634","joycm001","Joyce","Matt","L","R","MIA","OF"
"635","kintb001","Kintzler","Brandon","R","R","MIA","P"
"636","lavar001","Lavarnway","Ryan","R","R","MIA","C"
"637","leibb001","Leibrandt","Brandon","L","L","MIA","P"
"638","lopep002","Lopez","Pablo","L","R","MIA","P"
"639","marts002","Marte","Starling","R","R","MIA","OF"
"640","mejih001","Mejia","Humberto","R","R","MIA","P"
"641","morab001","Moran","Brian","L","L","MIA","P"
"642","morim002","Morin","Mike","R","R","MIA","P"
"643","navab001","Navarreto","Brian","R","R","MIA","C"
"644","neidn001","Neidert","Nick","R","R","MIA","P"
"645","quezj001","Quezada","Johan","R","R","MIA","P"
"646","ramih004","Ramirez","Harold","R","R","MIA","OF"
"647","rodrs002","Rodriguez","Sean","R","R","MIA","1B"
"648","roget003","Rogers","Trevor","L","L","MIA","P"
"649","rojam002","Rojas","Miguel","R","R","MIA","SS"
"650","sancj003","Sanchez","Jesus","L","R","MIA","OF"
"651","sancs001","Sanchez","Sixto","R","R","MIA","P"
"652","shafj001","Shafer","Justin","R","R","MIA","P"
"653","shars001","Sharp","Sterling","R","R","MIA","P"
"654","sierm002","Sierra","Magneuris","L","L","MIA","OF"
"655","smitc006","Smith","Caleb","R","L","MIA","P"
"656","smitj004","Smith","Josh A.","R","R","MIA","P"
"657","smitj006","Smith","Josh D.","L","L","MIA","P"
"658","stanr002","Stanek","Ryne","R","R","MIA","P"
"659","tarps001","Tarpley","Stephen","R","L","MIA","P"
"660","tinoj001","Tinoco","Jesus","R","R","MIA","P"
"661","urenj001","Urena","Jose","R","R","MIA","P"
"662","vendp001","Venditte","Pat","L","L","MIA","P"
"663","vesia001","Vesia","Alex","L","L","MIA","P"
"664","villj001","Villar","Jonathan","B","R","MIA","SS"
"665","vincn001","Vincent","Nick","R","R","MIA","P"
"666","wallc001","Wallach","Chad","R","R","MIA","C"
"667","yamaj001","Yamamoto","Jordan","R","R","MIA","P"
"668","arcio002","Arcia","Orlando","R","R","MIL","SS"
"669","bickp001","Bickford","Phil","R","R","MIL","P"
"670","blacr001","Black","Ray","R","R","MIL","P"
"671","braur002","Braun","Ryan","R","R","MIL","OF"
"672","burnc002","Burnes","Corbin","R","R","MIL","P"
"673","cainl001","Cain","Lorenzo","R","R","MIL","OF"
"674","claua001","Claudio","Alex","L","L","MIL","P"
"675","feyej001","Feyereisen","J.P.","R","R","MIL","P"
"676","freid001","Freitas","David","R","R","MIL","C"
"677","gameb001","Gamel","Ben","L","L","MIL","OF"
"678","garca003","Garcia","Avisail","R","R","MIL","OF"
"679","grimj002","Grimm","Justin","R","R","MIL","P"
"680","gyorj001","Gyorko","Jedd","R","R","MIL","2B"
"681","hadej001","Hader","Josh","L","L","MIL","P"
"682","healr001","Healy","Ryon","R","R","MIL","3B"
"683","hiurk001","Hiura","Keston","R","R","MIL","2B"
"684","holtb002","Holt","Brock","L","R","MIL","OF"
"685","housa001","Houser","Adrian","R","R","MIL","P"
"686","knebc001","Knebel","Corey","R","R","MIL","P"
"687","lauee001","Lauer","Eric","R","L","MIL","P"
"688","lindj004","Lindblom","Josh","R","R","MIL","P"
"689","mathm002","Mathias","Mark","R","R","MIL","2B"
"690","morrl001","Morrison","Logan","L","L","MIL","1B"
"691","narvo001","Narvaez","Omar","L","R","MIL","C"
"692","nottj001","Nottingham","Jacob","R","R","MIL","C"
"693","peraf001","Peralta","Freddy","R","R","MIL","P"
"694","perda001","Perdomo","Angel","L","L","MIL","P"
"695","petej002","Peterson","Jace","L","R","MIL","2B"
"696","pheld001","Phelps","David","R","R","MIL","P"
"697","pinam001","Pina","Manny","R","R","MIL","C"
"698","rasmd002","Rasmussen","Drew","R","R","MIL","P"
"699","smoaj001","Smoak","Justin","B","L","MIL","1B"
"700","sogae001","Sogard","Eric","L","R","MIL","2B"
"701","suteb001","Suter","Brent","L","L","MIL","P"
"702","taylt002","Taylor","Tyrone","R","R","MIL","OF"
"703","topaj001","Topa","Justin","R","R","MIL","P"
"704","urial001","Urias","Luis","R","R","MIL","2B"
"705","voged001","Vogelbach","Daniel","L","R","MIL","1B"
"706","wahlb001","Wahl","Bobby","R","R","MIL","P"
"707","willd004","Williams","Devin","R","R","MIL","P"
"708","woodb005","Woodruff","Brandon","L","R","MIL","P"
"709","yarde001","Yardley","Eric","R","R","MIL","P"
"710","yelic001","Yelich","Christian","L","R","MIL","OF"
"711","alcaj001","Alcala","Jorge","R","R","MIN","P"
"712","arral001","Arraez","Luis","L","R","MIN","2B"
"713","astuw001","Astudillo","Willians","R","R","MIN","C"
"714","avila001","Avila","Alex","L","R","MIN","C"
"715","bailh001","Bailey","Homer","R","R","MIN","P"
"716","berrj001","Berrios","Jose","R","R","MIN","P"
"717","blant002","Blankenhorn","Travis","L","R","MIN","2B"
"718","buxtb001","Buxton","Byron","R","R","MIN","OF"
"719","cavej001","Cave","Jake","L","L","MIN","OF"
"720","clipt001","Clippard","Tyler","R","R","MIN","P"
"721","colie001","Colina","Edwar","R","R","MIN","P"
"722","could001","Coulombe","Danny","L","L","MIN","P"
"723","cruzn002","Cruz","Nelson","R","R","MIN","OF"
"724","dobnr001","Dobnak","Randy","R","R","MIN","P"
"725","donaj001","Donaldson","Josh","R","R","MIN","3B"
"726","dufft001","Duffey","Tyler","R","R","MIN","P"
"727","garvm001","Garver","Mitch","R","R","MIN","C"
"728","gearc001","Gearrin","Cory","R","R","MIN","P"
"729","gonzm002","Gonzalez","Marwin","B","R","MIN","1B"
"730","hillr001","Hill","Rich","L","L","MIN","P"
"731","jeffr002","Jeffers","Ryan","R","R","MIN","C"
"732","keplm001","Kepler","Max","L","L","MIN","OF"
"733","kiria001","Kirilloff","Alex","L","L","MIN","OF"
"734","littz001","Littell","Zack","R","R","MIN","P"
"735","maedk001","Maeda","Kenta","R","R","MIN","P"
"736","may-t001","May","Trevor","R","R","MIN","P"
"737","odorj001","Odorizzi","Jake","R","R","MIN","P"
"738","pinem001","Pineda","Michael","R","R","MIN","P"
"739","polaj001","Polanco","Jorge","B","R","MIN","SS"
"740","popps001","Poppen","Sean","R","R","MIN","P"
"741","roget001","Rogers","Taylor","L","L","MIN","P"
"742","romos001","Romo","Sergio","R","R","MIN","P"
"743","rookb001","Rooker","Brent","R","R","MIN","OF"
"744","rosae001","Rosario","Eddie","L","R","MIN","OF"
"745","sanom001","Sano","Miguel","R","R","MIN","DH"
"746","smeld001","Smeltzer","Devin","R","L","MIN","P"
"747","stasc001","Stashak","Cody","R","R","MIN","P"
"748","thiec001","Thielbar","Caleb","R","L","MIN","P"
"749","thorl002","Thorpe","Lewis","R","L","MIN","P"
"750","vargi001","Vargas","Ildemaro","B","R","MIN","2B"
"751","wadel001","Wade","LaMonte","L","L","MIN","OF"
"752","whita002","Whitefield","Aaron","R","R","MIN","OF"
"753","wislm001","Wisler","Matt","R","R","MIN","P"
"754","andum001","Andujar","Miguel","R","R","NYA","3B"
"755","avill001","Avilan","Luis","L","L","NYA","P"
"756","britz001","Britton","Zack","L","L","NYA","P"
"757","cessl001","Cessa","Luis","R","R","NYA","P"
"758","chapa001","Chapman","Aroldis","L","L","NYA","P"
"759","coleg001","Cole","Gerrit","R","R","NYA","P"
"760","estrt001","Estrada","Thairo","R","R","NYA","SS"
"761","flore001","Florial","Estevan","L","R","NYA","OF"
"762","fordm002","Ford","Mike","L","R","NYA","1B"
"763","frazc001","Frazier","Clint","R","R","NYA","OF"
"764","garcd003","Garcia","Deivi","R","R","NYA","P"
"765","gardb001","Gardner","Brett","L","L","NYA","OF"
"766","greec003","Green","Chad","L","R","NYA","P"
"767","haled001","Hale","David","R","R","NYA","P"
"768","happj001","Happ","J.A.","L","L","NYA","P"
"769","hellb001","Heller","Ben","R","R","NYA","P"
"770","hicka001","Hicks","Aaron","B","R","NYA","OF"
"771","higak001","Higashioka","Kyle","R","R","NYA","C"
"772","holdj002","Holder","Jonathan","R","R","NYA","P"
"773","judga001","Judge","Aaron","R","R","NYA","OF"
"774","kahnt001","Kahnle","Tommy","R","R","NYA","P"
"775","kingm002","King","Michael","R","R","NYA","P"
"776","krate001","Kratz","Erik","R","R","NYA","C"
"777","krisb001","Kriske","Brooks","R","R","NYA","P"
"778","lemad001","LeMahieu","DJ","R","R","NYA","2B"
"779","loaij001","Loaisiga","Jonathan","R","R","NYA","P"
"780","lyont001","Lyons","Tyler","L","L","NYA","P"
"781","mercj002","Mercer","Jordy","R","R","NYA","SS"
"782","montj004","Montgomery","Jordan","L","L","NYA","P"
"783","nelsn001","Nelson","Nick","R","R","NYA","P"
"784","ottaa001","Ottavino","Adam","B","R","NYA","P"
"785","paxtj001","Paxton","James","L","L","NYA","P"
"786","sancg002","Sanchez","Gary","R","R","NYA","C"
"787","schmc002","Schmidt","Clarke","R","R","NYA","P"
"788","stanm004","Stanton","Giancarlo","R","R","NYA","OF"
"789","tanam001","Tanaka","Masahiro","R","R","NYA","P"
"790","taucm001","Tauchman","Mike","L","L","NYA","OF"
"791","torrg001","Torres","Gleyber","R","R","NYA","2B"
"792","urshg001","Urshela","Gio","R","R","NYA","3B"
"793","voitl001","Voit","Luke","R","R","NYA","1B"
"794","wadet002","Wade","Tyler","L","R","NYA","P"
"795","yajum001","Yajure","Miguel","R","R","NYA","P"
"796","betad001","Betances","Dellin","R","R","NYN","P"
"797","bracb001","Brach","Brad","R","R","NYN","P"
"798","canor001","Cano","Robinson","L","R","NYN","2B"
"799","castm002","Castro","Miguel","R","R","NYN","P"
"800","chirr001","Chirinos","Robinson","R","R","NYN","C"
"801","confm001","Conforto","Michael","L","R","NYN","OF"
"802","cordr001","Cordell","Ryan","R","R","NYN","OF"
"803","cespy001","Cespedes","Yoenis","R","R","NYN","OF"
"804","davij006","Davis","J.D.","R","R","NYN","3B"
"805","degrj001","deGrom","Jacob","L","R","NYN","P"
"806","diaze006","Diaz","Edwin","R","R","NYN","P"
"807","dozib001","Dozier","Brian","R","R","NYN","2B"
"808","famij001","Familia","Jeurys","R","R","NYN","P"
"809","frazt001","Frazier","Todd","R","R","NYN","3B"
"810","gimea001","Gimenez","Andres","L","R","NYN","SS"
"811","gselr001","Gsellman","Robert","R","R","NYN","P"
"812","guill001","Guillorme","Luis","L","R","NYN","SS"
"813","hamib001","Hamilton","Billy","B","R","NYN","OF"
"814","hereg002","Heredia","Guillermo","R","L","NYN","OF"
"815","hughj001","Hughes","Jared","R","R","NYN","P"
"816","juraa001","Jurado","Ariel","R","R","NYN","P"
"817","kilof001","Kilome","Franklyn","R","R","NYN","P"
"818","lagaj001","Lagares","Juan","R","R","NYN","OF"
"819","lockw001","Lockett","Walker","R","R","NYN","P"
"820","lugos001","Lugo","Seth","R","R","NYN","P"
"821","marij002","Marisnick","Jake","R","R","NYN","OF"
"822","matzs001","Matz","Steven","R","L","NYN","P"
"823","mcnej002","McNeil","Jeff","L","R","NYN","2B"
"824","nidot001","Nido","Tomas","R","R","NYN","C"
"825","nimmb001","Nimmo","Brandon","L","R","NYN","OF"
"826","nunee002","Nunez","Eduardo","R","R","NYN","SS"
"827","oswac001","Oswalt","Corey","R","R","NYN","P"
"828","peted003","Peterson","David","L","L","NYN","P"
"829","porcr001","Porcello","Rick","R","R","NYN","P"
"830","ramie004","Ramirez","Erasmo","R","R","NYN","P"
"831","ramow001","Ramos","Wilson","R","R","NYN","C"
"832","river003","Rivera","Rene","R","R","NYN","C"
"833","rosaa003","Rosario","Amed","R","R","NYN","SS"
"834","sanca009","Sanchez","Ali","R","R","NYN","C"
"835","sewap001","Sewald","Paul","R","R","NYN","P"
"836","shrec001","Shreve","Chasen","L","L","NYN","P"
"837","smitd008","Smith","Dominic","L","L","NYN","1B"
"838","smitd009","Smith","Drew","R","R","NYN","P"
"839","strih001","Strickland","Hunter","R","R","NYN","P"
"840","wachm001","Wacha","Michael","R","R","NYN","P"
"841","wilsj004","Wilson","Justin","L","L","NYN","P"
"842","barrf001","Barreto","Franklin","R","R","OAK","SS"
"843","bassc001","Bassitt","Chris","R","R","OAK","P"
"844","blacp001","Blackburn","Paul","R","R","OAK","P"
"845","brows003","Brown","Seth","L","L","OAK","1B"
"846","canhm001","Canha","Mark","R","R","OAK","OF"
"847","chapm001","Chapman","Matt","R","R","OAK","3B"
"848","davik003","Davis","Khris","R","R","OAK","OF"
"849","diekj001","Diekman","Jake","L","L","OAK","P"
"850","fierm001","Fiers","Mike","R","R","OAK","P"
"851","grosr001","Grossman","Robbie","B","L","OAK","OF"
"852","heimj001","Heim","Jonah","B","R","OAK","C"
"853","hendl001","Hendriks","Liam","R","R","OAK","P"
"854","jeffd001","Jefferies","Daulton","L","R","OAK","P"
"855","kaprj001","Kaprielian","James","R","R","OAK","P"
"856","kempt001","Kemp","Tony","L","R","OAK","OF"
"857","lastt001","La Stella","Tommy","L","R","OAK","2B"
"858","lambj001","Lamb","Jake","L","R","OAK","3B"
"859","laurr001","Laureano","Ramon","R","R","OAK","OF"
"860","luzaj001","Luzardo","Jesus","L","L","OAK","P"
"861","machv001","Machin","Vimael","L","R","OAK","2B"
"862","manas001","Manaea","Sean","R","L","OAK","P"
"863","mcfat001","McFarland","T.J.","L","L","OAK","P"
"864","mengd001","Mengden","Daniel","R","R","OAK","P"
"865","minom001","Minor","Mike","R","L","OAK","P"
"866","montf001","Montas","Frankie","R","R","OAK","P"
"867","murps001","Murphy","Sean","R","R","OAK","C"
"868","olsom001","Olson","Matt","L","R","OAK","1B"
"869","orf-n001","Orf","Nate","R","R","OAK","2B"
"870","petiy001","Petit","Yusmeiro","R","R","OAK","P"
"871","pindc001","Pinder","Chad","R","R","OAK","2B"
"872","piscs001","Piscotty","Stephen","R","R","OAK","OF"
"873","semim001","Semien","Marcus","R","R","OAK","SS"
"874","smitb005","Smith","Burch","R","R","OAK","P"
"875","sorij001","Soria","Joakim","R","R","OAK","P"
"876","trivl001","Trivino","Lou","R","R","OAK","P"
"877","weemj001","Weems","Jordan","L","R","OAK","P"
"878","wendj001","Wendelken","J.B.","R","R","OAK","P"
"879","arrij001","Arrieta","Jake","R","R","PHI","P"
"880","bohma001","Bohm","Alec","R","R","PHI","3B"
"881","brogc001","Brogdon","Connor","R","R","PHI","P"
"882","brucj001","Bruce","Jay","L","L","PHI","OF"
"883","cleag001","Cleavinger","Garrett","R","L","PHI","P"
"884","davia003","Davis","Austin","L","L","PHI","P"
"885","efliz001","Eflin","Zach","R","R","PHI","P"
"886","garlk001","Garlick","Kyle","R","R","PHI","OF"
"887","gossp001","Gosselin","Phil","R","R","PHI","2B"
"888","gregd001","Gregorius","Didi","L","R","PHI","SS"
"889","guerd001","Guerra","Deolis","R","R","PHI","P"
"890","haled001","Hale","David","R","R","PHI","P"
"891","harpb003","Harper","Bryce","L","R","PHI","OF"
"892","hasea001","Haseley","Adam","L","L","PHI","OF"
"893","hembh001","Hembree","Heath","R","R","PHI","P"
"894","hoskr001","Hoskins","Rhys","R","R","PHI","1B"
"895","howas003","Howard","Spencer","R","R","PHI","P"
"896","huntt002","Hunter","Tommy","R","R","PHI","P"
"897","irvic001","Irvin","Cole","L","L","PHI","P"
"898","kellt002","Kelley","Trevor","R","R","PHI","P"
"899","kings001","Kingery","Scott","R","R","PHI","2B"
"900","knapa001","Knapp","Andrew","B","R","PHI","C"
"901","llovm001","Llovera","Mauricio","R","R","PHI","P"
"902","marcr001","Marchan","Rafael","B","R","PHI","C"
"903","mcclr001","McClain","Reggie","R","R","PHI","P"
"904","mccua001","McCutchen","Andrew","R","R","PHI","OF"
"905","media001","Medina","Adonis","R","R","PHI","P"
"906","monim001","Moniak","Mickey","L","R","PHI","OF"
"907","morga001","Morgan","Adam","L","L","PHI","P"
"908","nerih001","Neris","Hector","R","R","PHI","P"
"909","nolaa001","Nola","Aaron","R","R","PHI","P"
"910","parkb001","Parker","Blake","R","R","PHI","P"
"911","pheld001","Phelps","David","R","R","PHI","P"
"912","piven001","Pivetta","Nick","R","R","PHI","P"
"913","quinr003","Quinn","Roman","B","R","PHI","OF"
"914","realj001","Realmuto","J.T.","R","R","PHI","C"
"915","romej002","Romero","JoJo","L","L","PHI","P"
"916","rossr003","Rosso","Ramon","R","R","PHI","P"
"917","seguj002","Segura","Jean","R","R","PHI","SS"
"918","suarr001","Suarez","Ranger","L","L","PHI","P"
"919","torrr001","Torreyes","Ronald","R","R","PHI","2B"
"920","velav001","Velasquez","Vince","R","R","PHI","P"
"921","walkn001","Walker","Neil","B","R","PHI","2B"
"922","wheez001","Wheeler","Zack","L","R","PHI","P"
"923","workb001","Workman","Brandon","R","R","PHI","P"
"924","basht001","Bashlor","Tyler","R","R","PIT","P"
"925","bellj005","Bell","Josh","B","R","PIT","1B"
"926","braus002","Brault","Steven","L","L","PIT","P"
"927","brubj001","Brubaker","JT","R","R","PIT","P"
"928","burdn001","Burdi","Nick","R","R","PIT","P"
"929","cedeb001","Cederlind","Blake","R","R","PIT","P"
"930","craiw001","Craig","Will","R","R","PIT","1B"
"931","crick001","Crick","Kyle","L","R","PIT","P"
"932","davia003","Davis","Austin","L","L","PIT","P"
"933","delpm001","Del Pozo","Miguel","L","L","PIT","P"
"934","dysoj001","Dyson","Jarrod","L","R","PIT","OF"
"935","erlir001","Erlin","Robbie","R","L","PIT","P"
"936","evanp001","Evans","Phillip","R","R","PIT","3B"
"937","felim001","Feliz","Michael","R","R","PIT","P"
"938","fraza001","Frazier","Adam","L","R","PIT","OF"
"939","gonze004","Gonzalez","Erik","R","R","PIT","SS"
"940","hartg001","Hartlieb","Geoff","R","R","PIT","P"
"941","hayek001","Hayes","Ke'Bryan","R","R","PIT","3B"
"942","hereg002","Heredia","Guillermo","R","L","PIT","OF"
"943","holld003","Holland","Derek","B","L","PIT","P"
"944","holmc001","Holmes","Clay","R","R","PIT","P"
"945","howas002","Howard","Sam","R","L","PIT","P"
"946","kelak001","Kela","Keone","R","R","PIT","P"
"947","kellm003","Keller","Mitch","R","R","PIT","P"
"948","kuhlc001","Kuhl","Chad","R","R","PIT","P"
"949","martj009","Martin","Jason","L","R","PIT","OF"
"950","mearn001","Mears","Nick","R","R","PIT","P"
"951","morac001","Moran","Colin","L","R","PIT","3B"
"952","murpj001","Murphy","John Ryan","R","R","PIT","C"
"953","musgj001","Musgrove","Joe","R","R","PIT","P"
"954","neved001","Neverauskas","Dovydas","R","R","PIT","P"
"955","newmk001","Newman","Kevin","R","R","PIT","2B"
"956","olivj003","Oliva","Jared","R","R","PIT","OF"
"957","osunj001","Osuna","Jose","R","R","PIT","OF"
"958","polag001","Polanco","Gregory","L","L","PIT","OF"
"959","poncc002","Ponce","Cody","R","R","PIT","P"
"960","reynb001","Reynolds","Bryan","B","R","PIT","OF"
"961","riddj001","Riddle","JT","L","R","PIT","SS"
"962","riosy001","Rios","Yacksel","R","R","PIT","P"
"963","rodrr008","Rodriguez","Richard","R","R","PIT","P"
"964","stalj001","Stallings","Jacob","R","R","PIT","C"
"965","strac001","Stratton","Chris","R","R","PIT","P"
"966","susaa001","Susac","Andrew","R","R","PIT","C"
"967","tropn001","Tropeano","Nick","R","R","PIT","P"
"968","tuckc001","Tucker","Cole","B","R","PIT","SS"
"969","turln001","Turley","Nik","L","L","PIT","P"
"970","waddb001","Waddell","Brandon","L","L","PIT","P"
"971","willt002","Williams","Trevor","R","R","PIT","P"
"972","alleg002","Allen","Greg","B","R","SDN","OF"
"973","almoa001","Almonte","Abraham","B","R","SDN","OF"
"974","altad001","Altavilla","Dan","R","R","SDN","P"
"975","bednd001","Bednar","David","L","R","SDN","P"
"976","baezm001","Baez","Michel","R","R","SDN","P"
"977","campl002","Campusano","Luis","R","R","SDN","C"
"978","castj006","Castro","Jason","L","R","SDN","C"
"979","clevm001","Clevinger","Mike","R","R","SDN","P"
"980","cronj001","Cronenworth","Jake","L","R","SDN","SS"
"981","daviz001","Davies","Zach","R","R","SDN","P"
"982","frant002","France","Ty","R","R","SDN","3B"
"983","garcg002","Garcia","Greg","L","R","SDN","SS"
"984","grist001","Grisham","Trent","L","L","SDN","OF"
"985","guerj004","Guerra","Javy","L","R","SDN","P"
"986","hedga001","Hedges","Austin","R","R","SDN","C"
"987","hillt002","Hill","Tim","R","L","SDN","P"
"988","hosme001","Hosmer","Eric","L","L","SDN","1B"
"989","johnp001","Johnson","Pierce","R","R","SDN","P"
"990","lamed001","Lamet","Dinelson","R","R","SDN","P"
"991","luccj001","Lucchesi","Joey","L","L","SDN","P"
"992","machm001","Machado","Manny","R","R","SDN","3B"
"993","matej003","Mateo","Jorge","R","R","SDN","SS"
"994","mejif001","Mejia","Francisco","B","R","SDN","C"
"995","morea001","Morejon","Adrian","L","L","SDN","P"
"996","morem001","Moreland","Mitch","L","L","SDN","1B"
"997","myerw001","Myers","Wil","R","R","SDN","OF"
"998","naylj001","Naylor","Josh","L","L","SDN","OF"
"999","nolaa002","Nola","Austin","R","R","SDN","1B"
"1000","olive001","Olivares","Edward","R","R","SDN","OF"
"1001","ona-j001","Ona","Jorge","R","R","SDN","OF"
"1002","paddc001","Paddack","Chris","R","R","SDN","P"
"1003","pagae001","Pagan","Emilio","L","R","SDN","P"
"1004","patil001","Patino","Luis","R","R","SDN","P"
"1005","perdl002","Perdomo","Luis","R","R","SDN","P"
"1006","phamt001","Pham","Tommy","R","R","SDN","OF"
"1007","pomed001","Pomeranz","Drew","R","L","SDN","P"
"1008","profj001","Profar","Jurickson","B","R","SDN","2B"
"1009","quanc001","Quantrill","Cal","L","R","SDN","P"
"1010","richg002","Richards","Garrett","R","R","SDN","P"
"1011","roset001","Rosenthal","Trevor","R","R","SDN","P"
"1012","stamc001","Stammen","Craig","R","R","SDN","P"
"1013","stram001","Strahm","Matt","R","L","SDN","P"
"1014","tatif002","Tatis","Fernando","R","R","SDN","SS"
"1015","torrl001","Torrens","Luis","R","R","SDN","C"
"1016","weatr001","Weathers","Ryan","R","L","SDN","P"
"1017","willt003","Williams","Taylor","B","R","SDN","P"
"1018","yatek001","Yates","Kirby","L","R","SDN","P"
"1019","bishb001","Bishop","Braden","R","R","SEA","OF"
"1020","brenb003","Brennan","Brandon","R","R","SEA","P"
"1021","cortn001","Cortes","Nestor","R","L","SEA","P"
"1022","crawj002","Crawford","J.P.","L","R","SEA","SS"
"1023","dunnj002","Dunn","Justin","R","R","SEA","P"
"1024","edwac001","Edwards","Carl","R","R","SEA","P"
"1025","ervip001","Ervin","Phillip","R","R","SEA","OF"
"1026","fleta001","Fletcher","Aaron","L","L","SEA","P"
"1027","fralj001","Fraley","Jake","L","L","SEA","OF"
"1028","frant002","France","Ty","R","R","SEA","3B"
"1029","frans001","Frankoff","Seth","R","R","SEA","P"
"1030","gerbj001","Gerber","Joey","R","R","SEA","P"
"1031","gonzm005","Gonzales","Marco","L","L","SEA","P"
"1032","gordd002","Gordon","Dee","L","R","SEA","2B"
"1033","gravk001","Graveman","Kendall","R","R","SEA","P"
"1034","grotz001","Grotz","Zac","R","R","SEA","P"
"1035","guilt001","Guilbeau","Taylor","L","L","SEA","P"
"1036","haggs001","Haggerty","Sam","B","R","SEA","2B"
"1037","hiray001","Hirano","Yoshihisa","R","R","SEA","P"
"1038","hudsj002","Hudson","Joe","R","R","SEA","C"
"1039","kikuy001","Kikuchi","Yusei","L","L","SEA","P"
"1040","lailb001","Lail","Brady","R","R","SEA","P"
"1041","lewik001","Lewis","Kyle","R","R","SEA","OF"
"1042","lockw001","Lockett","Walker","R","R","SEA","P"
"1043","longs001","Long","Shed","L","R","SEA","2B"
"1044","lopet001","Lopes","Tim","R","R","SEA","2B"
"1045","magim001","Magill","Matt","R","R","SEA","P"
"1046","margn001","Margevicius","Nick","L","L","SEA","P"
"1047","marmj001","Marmolejos","Jose","L","L","SEA","1B"
"1048","misia001","Misiewicz","Anthony","R","L","SEA","P"
"1049","moord002","Moore","Dylan","R","R","SEA","3B"
"1050","newsl001","Newsome","Ljay","R","R","SEA","P"
"1051","nolaa002","Nola","Austin","R","R","SEA","1B"
"1052","odomj001","Odom","Joseph","R","R","SEA","C"
"1053","ramiy002","Ramirez","Yohan","R","R","SEA","P"
"1054","sadlc002","Sadler","Casey","R","R","SEA","P"
"1055","seagk001","Seager","Kyle","L","R","SEA","3B"
"1056","shawb001","Shaw","Bryan","B","R","SEA","P"
"1057","shefj001","Sheffield","Justus","L","L","SEA","P"
"1058","smitm007","Smith","Mallex","L","R","SEA","OF"
"1059","swane001","Swanson","Erik","R","R","SEA","P"
"1060","torrl001","Torrens","Luis","R","R","SEA","C"
"1061","voged001","Vogelbach","Daniel","L","R","SEA","1B"
"1062","walkt004","Walker","Taijuan","R","R","SEA","P"
"1063","waltd002","Walton","Donovan","L","R","SEA","2B"
"1064","willt003","Williams","Taylor","B","R","SEA","P"
"1065","white005","White","Evan","R","L","SEA","1B"
"1066","yacaj001","Yacabonis","Jimmy","R","R","SEA","P"
"1067","andet002","Anderson","Tyler","L","L","SFN","P"
"1068","barac001","Baragar","Caleb","R","L","SFN","P"
"1069","bartj003","Bart","Joey","R","R","SFN","C"
"1070","basal001","Basabe","Luis Alexander","B","R","SFN","OF"
"1071","beltb001","Belt","Brandon","L","L","SFN","1B"
"1072","branr002","Brantly","Rob","L","R","SFN","C"
"1073","cahit001","Cahill","Trevor","R","R","SFN","P"
"1074","coons001","Coonrod","Sam","R","R","SFN","P"
"1075","crawb001","Crawford","Brandon","L","R","SFN","SS"
"1076","cuetj001","Cueto","Johnny","R","R","SFN","P"
"1077","davij008","Davis","Jaylin","R","R","SFN","OF"
"1078","dicka001","Dickerson","Alex","L","L","SFN","OF"
"1079","dubom001","Dubon","Mauricio","R","R","SFN","SS"
"1080","duggs001","Duggar","Steven","L","R","SFN","OF"
"1081","florw001","Flores","Wilmer","R","R","SFN","SS"
"1082","garcj006","Garcia","Jarlin","L","L","SFN","P"
"1083","garcr006","Garcia","Rico","R","R","SFN","P"
"1084","gausk001","Gausman","Kevin","L","R","SFN","P"
"1085","gottt001","Gott","Trevor","R","R","SFN","P"
"1086","heint001","Heineman","Tyler","B","R","SFN","C"
"1087","jimed002","Jimenez","Dany","R","R","SFN","P"
"1088","longe001","Longoria","Evan","R","R","SFN","3B"
"1089","mccaj002","McCarthy","Joe","L","L","SFN","OF"
"1090","menec001","Menez","Conner","L","L","SFN","P"
"1091","pench001","Pence","Hunter","R","R","SFN","OF"
"1092","peraw002","Peralta","Wandy","L","L","SFN","P"
"1093","rickj001","Rickard","Joey","R","L","SFN","OF"
"1094","robed004","Robertson","Daniel","R","R","SFN","SS"
"1095","rodrd001","Rodriguez","Dereck","R","R","SFN","P"
"1096","roget002","Rogers","Tyler","R","R","SFN","P"
"1097","ruf-d001","Ruf","Darin","R","R","SFN","1B"
"1098","samaj001","Samardzija","Jeff","R","R","SFN","P"
"1099","sandp001","Sandoval","Pablo","B","R","SFN","3B"
"1100","selms001","Selman","Sam","R","L","SFN","P"
"1101","slata001","Slater","Austin","R","R","SFN","OF"
"1102","smoaj001","Smoak","Justin","B","L","SFN","1B"
"1103","smyld001","Smyly","Drew","L","L","SFN","P"
"1104","solad001","Solano","Donovan","R","R","SFN","2B"
"1105","suara002","Suarez","Andrew","L","L","SFN","P"
"1106","triga001","Triggs","Andrew","R","R","SFN","P"
"1107","tromc001","Tromp","Chadwick","R","R","SFN","C"
"1108","watst001","Watson","Tony","L","L","SFN","P"
"1109","webbl001","Webb","Logan","R","R","SFN","P"
"1110","yastm001","Yastrzemski","Mike","L","L","SFN","OF"
"1111","cabrg001","Cabrera","Genesis","L","L","SLN","P"
"1112","carld002","Carlson","Dylan","B","L","SLN","OF"
"1113","carpm002","Carpenter","Matt","L","R","SLN","3B"
"1114","crisn001","Crismatt","Nabil","R","R","SLN","P"
"1115","cruzj006","Cruz","Jesus","R","R","SLN","P"
"1116","dejop001","DeJong","Paul","R","R","SLN","3B"
"1117","deana001","Dean","Austin","R","R","SLN","OF"
"1118","edmat001","Edman","Tommy","B","R","SLN","SS"
"1119","elles001","Elledge","Seth","R","R","SLN","P"
"1120","fernj006","Fernandez","Junior","R","R","SLN","P"
"1121","flahj002","Flaherty","Jack","R","R","SLN","P"
"1122","fowld001","Fowler","Dexter","B","R","SLN","OF"
"1123","gallg001","Gallegos","Giovanny","R","R","SLN","P"
"1124","gantj002","Gant","John","R","R","SLN","P"
"1125","goldp001","Goldschmidt","Paul","R","R","SLN","1B"
"1126","gomba001","Gomber","Austin","L","L","SLN","P"
"1127","helsr001","Helsley","Ryan","R","R","SLN","P"
"1128","hudsd002","Hudson","Dakota","R","R","SLN","P"
"1129","kamir001","Kaminsky","Rob","R","L","SLN","P"
"1130","kim-k001","Kim","Kwang Hyun","L","L","SLN","P"
"1131","kniza001","Knizner","Andrew","R","R","SLN","C"
"1132","martc006","Martinez","Carlos","R","R","SLN","P"
"1133","meisr001","Meisinger","Ryan","R","R","SLN","P"
"1134","milla002","Miller","Andrew","L","L","SLN","P"
"1135","millb002","Miller","Brad","L","R","SLN","SS"
"1136","moliy001","Molina","Yadier","R","R","SLN","C"
"1137","nogoj001","Nogowski","John","R","L","SLN","1B"
"1138","oneit001","O'Neill","Tyler","R","R","SLN","OF"
"1139","oviej001","Oviedo","Johan","R","R","SLN","P"
"1140","poncd001","Ponce de Leon","Daniel","R","R","SLN","P"
"1141","ramir005","Ramirez","Roel","R","R","SLN","P"
"1142","raver001","Ravelo","Rangel","R","R","SLN","1B"
"1143","reyea004","Reyes","Alex","R","R","SLN","P"
"1144","sancr003","Sanchez","Ricardo","L","L","SLN","P"
"1145","schrm001","Schrock","Max","L","R","SLN","2B"
"1146","thoml002","Thomas","Lane","R","R","SLN","OF"
"1147","waina001","Wainwright","Adam","R","R","SLN","P"
"1148","webbt001","Webb","Tyler","L","L","SLN","P"
"1149","whitk001","Whitley","Kodi","R","R","SLN","P"
"1150","wietm001","Wieters","Matt","B","R","SLN","C"
"1151","willj006","Williams","Justin","L","R","SLN","OF"
"1152","wongk001","Wong","Kolten","L","R","SLN","2B"
"1153","woodj003","Woodford","Jake","R","R","SLN","P"
"1154","alvaj004","Alvarado","Jose","L","L","TBA","P"
"1155","anden001","Anderson","Nick","R","R","TBA","P"
"1156","arozr001","Arozarena","Randy","R","R","TBA","OF"
"1157","banda001","Banda","Anthony","L","L","TBA","P"
"1158","beekj001","Beeks","Jalen","L","L","TBA","P"
"1159","brosm001","Brosseau","Mike","R","R","TBA","3B"
"1160","castd002","Castillo","Diego","R","R","TBA","P"
"1161","chiry001","Chirinos","Yonny","R","R","TBA","P"
"1162","choij001","Choi","Ji-Man","L","R","TBA","OF"
"1163","curtj003","Curtiss","John","R","R","TBA","P"
"1164","drako001","Drake","Oliver","R","R","TBA","P"
"1165","diazy001","Diaz","Yandy","R","R","TBA","OF"
"1166","fairp001","Fairbanks","Pete","R","R","TBA","P"
"1167","flemj001","Fleming","Josh","R","L","TBA","P"
"1168","garce001","Garcia","Edgar","R","R","TBA","P"
"1169","gilms001","Gilmartin","Sean","L","L","TBA","P"
"1170","glast001","Glasnow","Tyler","L","R","TBA","P"
"1171","kierk001","Kiermaier","Kevin","L","R","TBA","OF"
"1172","kitta001","Kittredge","Andrew","R","R","TBA","P"
"1173","loupa001","Loup","Aaron","L","L","TBA","P"
"1174","loweb001","Lowe","Brandon","L","R","TBA","2B"
"1175","lowen001","Lowe","Nate","L","R","TBA","1B"
"1176","margm001","Margot","Manuel","R","R","TBA","OF"
"1177","martj008","Martinez","Jose","R","R","TBA","OF"
"1178","mccls003","McClanahan","Shane","L","L","TBA","P"
"1179","meada001","Meadows","Austin","L","L","TBA","OF"
"1180","mortc002","Morton","Charlie","R","R","TBA","P"
"1181","ograb001","O'Grady","Brian","L","R","TBA","1B"
"1182","perem005","Perez","Michael","L","R","TBA","C"
"1183","philb002","Phillips","Brett","L","R","TBA","OF"
"1184","reedc002","Reed","Cody","L","L","TBA","P"
"1185","renfh001","Renfroe","Hunter","R","R","TBA","OF"
"1186","richt001","Richards","Trevor","R","R","TBA","P"
"1187","roe-c001","Roe","Chaz","R","R","TBA","P"
"1188","sherr001","Sherriff","Ryan","L","L","TBA","P"
"1189","slega001","Slegers","Aaron","R","R","TBA","P"
"1190","smitk002","Smith","Kevan","R","R","TBA","C"
"1191","snelb001","Snell","Blake","L","L","TBA","P"
"1192","thomr007","Thompson","Ryan","R","R","TBA","P"
"1193","tsuty001","Tsutsugo","Yoshi","L","R","TBA","OF"
"1194","wendj002","Wendle","Joey","L","R","TBA","2B"
"1195","yarbr001","Yarbrough","Ryan","R","L","TBA","P"
"1196","zunim001","Zunino","Mike","R","R","TBA","C"
"1197","andre001","Andrus","Elvis","R","R","TEX","SS"
"1198","aposs001","Apostel","Sherten","R","R","TEX","3B"
"1199","benjw001","Benjamin","Wes","R","L","TEX","P"
"1200","calhw001","Calhoun","Willie","L","R","TEX","OF"
"1201","chavj001","Chavez","Jesse","R","R","TEX","P"
"1202","chirr001","Chirinos","Robinson","R","R","TEX","C"
"1203","choos001","Choo","Shin-Soo","L","L","TEX","OF"
"1204","codyk001","Cody","Kyle","R","R","TEX","P"
"1205","dietd001","Dietrich","Derek","L","R","TEX","OF"
"1206","evand003","Evans","Demarcus","R","R","TEX","P"
"1207","farrl001","Farrell","Luke","L","R","TEX","P"
"1208","frazt001","Frazier","Todd","R","R","TEX","3B"
"1209","gallj002","Gallo","Joey","L","R","TEX","OF"
"1210","garca005","Garcia","Adolis","R","R","TEX","OF"
"1211","garcl005","Garcia","Luis","R","R","TEX","P"
"1212","gibai001","Gibaut","Ian","R","R","TEX","P"
"1213","gibsk002","Gibson","Kyle","R","R","TEX","P"
"1214","goodn001","Goody","Nick","R","R","TEX","P"
"1215","guzmr001","Guzman","Ronald","L","L","TEX","1B"
"1216","heart001","Hearn","Taylor","L","L","TEX","P"
"1217","heins001","Heineman","Scott","R","R","TEX","OF"
"1218","hergj001","Herget","Jimmy","R","R","TEX","P"
"1219","hernj004","Hernandez","Jonathan","R","R","TEX","P"
"1220","huffs001","Huff","Sam","R","R","TEX","C"
"1221","kinei001","Kiner-Falefa","Isiah","R","R","TEX","3B"
"1222","kingj002","King","John","L","L","TEX","P"
"1223","klubc001","Kluber","Corey","R","R","TEX","P"
"1224","leclj001","Leclerc","Jose","R","R","TEX","P"
"1225","lylej001","Lyles","Jordan","R","R","TEX","P"
"1226","lynnl001","Lynn","Lance","B","R","TEX","P"
"1227","martb002","Martin","Brett","L","L","TEX","P"
"1228","mathj001","Mathis","Jeff","R","R","TEX","C"
"1229","minom001","Minor","Mike","R","L","TEX","P"
"1230","montr004","Montero","Rafael","R","R","TEX","P"
"1231","nicaj001","Nicasio","Juan","R","R","TEX","P"
"1232","odorr001","Odor","Rougned","L","R","TEX","2B"
"1233","paluj001","Palumbo","Joe","L","L","TEX","P"
"1234","refsr001","Refsnyder","Rob","R","R","TEX","2B"
"1235","rivey001","Rivera","Yadiel","R","R","TEX","2B"
"1236","rodrj004","Rodriguez","Joely","L","L","TEX","P"
"1237","romia001","Romine","Andrew","B","R","TEX","3B"
"1238","santd001","Santana","Danny","B","R","TEX","OF"
"1239","solan001","Solak","Nick","R","R","TEX","2B"
"1240","tavel001","Taveras","Leody","B","R","TEX","OF"
"1241","tejea001","Tejeda","Anderson","B","R","TEX","SS"
"1242","trevj001","Trevino","Jose","R","R","TEX","C"
"1243","volqe001","Volquez","Edinson","R","R","TEX","P"
"1244","white006","White","Eli","R","R","TEX","2B"
"1245","andec001","Anderson","Chase","R","R","TOR","P"
"1246","bassa001","Bass","Anthony","R","R","TOR","P"
"1247","bergt001","Bergen","Travis","L","L","TOR","P"
"1248","bichb001","Bichette","Bo","R","R","TOR","SS"
"1249","biggc002","Biggio","Cavan","L","R","TOR","2B"
"1250","borur001","Borucki","Ryan","L","L","TOR","P"
"1251","colea002","Cole","A.J.","R","R","TOR","P"
"1252","davij007","Davis","Jonathan","R","R","TOR","OF"
"1253","dolir001","Dolis","Rafael","R","R","TOR","P"
"1254","drurb001","Drury","Brandon","R","R","TOR","3B"
"1255","espis001","Espinal","Santiago","R","R","TOR","2B"
"1256","fishd001","Fisher","Derek","L","R","TOR","OF"
"1257","fontw001","Font","Wilmer","R","R","TOR","P"
"1258","gavis001","Gaviglio","Sam","R","R","TOR","P"
"1259","gilek001","Giles","Ken","R","R","TOR","P"
"1260","gricr001","Grichuk","Randal","R","R","TOR","OF"
"1261","guerv002","Guerrero","Vladimir","R","R","TOR","3B"
"1262","gurrl001","Gurriel","Lourdes","R","R","TOR","2B"
"1263","hatct001","Hatch","Thomas","R","R","TOR","P"
"1264","hernt002","Hernandez","Teoscar","R","R","TOR","OF"
"1265","jansd001","Jansen","Danny","R","R","TOR","C"
"1266","josec002","Joseph","Caleb","R","R","TOR","C"
"1267","kay-a001","Kay","Anthony","L","L","TOR","P"
"1268","kirka001","Kirk","Alejandro","R","R","TOR","C"
"1269","mcgur002","McGuire","Reese","L","R","TOR","C"
"1270","mckib001","McKinney","Billy","L","L","TOR","OF"
"1271","merrj001","Merryweather","Julian","R","R","TOR","P"
"1272","morab001","Moran","Brian","L","L","TOR","P"
"1273","murpp001","Murphy","Patrick","R","R","TOR","P"
"1274","panij002","Panik","Joe","L","R","TOR","2B"
"1275","pearn001","Pearson","Nate","R","R","TOR","P"
"1276","pereh002","Perez","Hector","R","R","TOR","P"
"1277","ray-r002","Ray","Robbie","L","L","TOR","P"
"1278","reids001","Reid-Foley","Sean","R","R","TOR","P"
"1279","roart001","Roark","Tanner","R","R","TOR","P"
"1280","romaj004","Romano","Jordan","R","R","TOR","P"
"1281","ryu-h001","Ryu","Hyun Jin","R","L","TOR","P"
"1282","shawt001","Shaw","Travis","L","R","TOR","1B"
"1283","shoem001","Shoemaker","Matt","R","R","TOR","P"
"1284","strir001","Stripling","Ross","R","R","TOR","P"
"1285","tellr001","Tellez","Rowdy","L","L","TOR","1B"
"1286","thort002","Thornton","Trent","R","R","TOR","P"
"1287","villj001","Villar","Jonathan","B","R","TOR","SS"
"1288","voged001","Vogelbach","Daniel","L","R","TOR","1B"
"1289","waguj001","Waguespack","Jacob","R","R","TOR","P"
"1290","walkt004","Walker","Taijuan","R","R","TOR","P"
"1291","yamas001","Yamaguchi","Shun","R","R","TOR","P"
"1292","zeuct001","Zeuch","T.J.","R","R","TOR","P"
"1293","barra001","Barrett","Aaron","R","R","WAS","P"
"1294","bonie001","Bonifacio","Emilio","B","R","WAS","2B"
"1295","bourj003","Bourque","James","R","R","WAS","P"
"1296","brayb002","Braymer","Ben","L","L","WAS","P"
"1297","cabra002","Cabrera","Asdrubal","B","R","WAS","SS"
"1298","casts001","Castro","Starlin","R","R","WAS","SS"
"1299","corbp001","Corbin","Patrick","L","L","WAS","P"
"1300","croww001","Crowe","Wil","R","R","WAS","P"
"1301","difow001","Difo","Wilmer","B","R","WAS","2B"
"1302","dools001","Doolittle","Sean","L","L","WAS","P"
"1303","eatoa002","Eaton","Adam","L","L","WAS","OF"
"1304","espip001","Espino","Paolo","R","R","WAS","P"
"1305","fedde001","Fedde","Erick","R","R","WAS","P"
"1306","finnk001","Finnegan","Kyle","R","R","WAS","P"
"1307","frees001","Freeman","Sam","R","L","WAS","P"
"1308","garcl006","Garcia","Luis","L","R","WAS","SS"
"1309","gomey001","Gomes","Yan","R","R","WAS","C"
"1310","guerj002","Guerra","Javy","R","R","WAS","P"
"1311","harpr001","Harper","Ryne","R","R","WAS","P"
"1312","harrw002","Harris","Will","R","R","WAS","P"
"1313","harrj002","Harrison","Josh","R","R","WAS","3B"
"1314","herny002","Hernandez","Yadiel","L","R","WAS","OF"
"1315","holtb002","Holt","Brock","L","R","WAS","OF"
"1316","hudsd001","Hudson","Daniel","R","R","WAS","P"
"1317","kendh001","Kendrick","Howie","R","R","WAS","2B"
"1318","kiebc001","Kieboom","Carter","R","R","WAS","SS"
"1319","mcgok002","McGowin","Kyle","R","R","WAS","P"
"1320","nollj001","Noll","Jake","R","R","WAS","3B"
"1321","raint003","Rainey","Tanner","R","R","WAS","P"
"1322","roblv001","Robles","Victor","R","R","WAS","OF"
"1323","romes002","Romero","Seth","L","L","WAS","P"
"1324","sanca004","Sanchez","Anibal","R","R","WAS","P"
"1325","schem001","Scherzer","Max","R","R","WAS","P"
"1326","sotoj001","Soto","Juan","L","L","WAS","OF"
"1327","steva001","Stevenson","Andrew","L","L","WAS","OF"
"1328","stras001","Strasburg","Stephen","R","R","WAS","P"
"1329","suerw002","Suero","Wander","R","R","WAS","P"
"1330","suzuk001","Suzuki","Kurt","R","R","WAS","C"
"1331","taylm002","Taylor","Michael A.","R","R","WAS","OF"
"1332","thame001","Thames","Eric","L","R","WAS","OF"
"1333","turnt001","Turner","Trea","R","R","WAS","SS"
"1334","votha001","Voth","Austin","R","R","WAS","P"
